Cell id,AP1,AP2,AP3,AP4,AP5,AP6,AP7,AP8,AP9,AP10,AP11,AP12,AP13
T1,-65,-75,-84,-89,-110,-110,-110,-110,-110,-110,-110,-110,-110
T1,-65,-75,-84,-89,-110,-110,-110,-110,-110,-110,-110,-110,-110
T1,-65,-75,-84,-89,-110,-110,-110,-110,-110,-110,-110,-110,-110
T1,-65,-75,-84,-89,-110,-110,-110,-110,-110,-110,-110,-110,-110
T1,-65,-75,-84,-89,-110,-110,-110,-110,-110,-110,-110,-110,-110
T1,-65,-75,-84,-89,-110,-110,-110,-110,-110,-110,-110,-110,-110
T1,-65,-75,-84,-89,-110,-110,-110,-110,-110,-110,-110,-110,-110
T1,-65,-75,-84,-89,-110,-110,-110,-110,-110,-110,-110,-110,-110
T1,-65,-75,-84,-89,-110,-110,-110,-110,-110,-110,-110,-110,-110
T1,-65,-75,-84,-89,-110,-110,-110,-110,-110,-110,-110,-110,-110
T1,-65,-75,-84,-89,-110,-110,-110,-110,-110,-110,-110,-110,-110
T1,-65,-75,-84,-89,-110,-110,-110,-110,-110,-110,-110,-110,-110
T1,-65,-75,-84,-89,-110,-110,-110,-110,-110,-110,-110,-110,-110
T1,-65,-75,-84,-89,-110,-110,-110,-110,-110,-110,-110,-110,-110
T1,-70,-110,-110,-75,-86,-110,-110,-110,-110,-110,-110,-110,-110
T1,-70,-110,-110,-75,-86,-110,-110,-110,-110,-110,-110,-110,-110
T1,-61,-110,-110,-78,-90,-81,-110,-110,-110,-110,-110,-110,-110
T1,-61,-110,-110,-78,-90,-81,-110,-110,-110,-110,-110,-110,-110
T1,-61,-110,-110,-78,-90,-81,-110,-110,-110,-110,-110,-110,-110
T1,-61,-110,-110,-78,-90,-81,-110,-110,-110,-110,-110,-110,-110
T1,-61,-110,-110,-78,-90,-81,-110,-110,-110,-110,-110,-110,-110
T1,-61,-110,-110,-78,-90,-81,-110,-110,-110,-110,-110,-110,-110
T1,-61,-110,-110,-78,-90,-81,-110,-110,-110,-110,-110,-110,-110
T1,-61,-110,-110,-78,-90,-81,-110,-110,-110,-110,-110,-110,-110
T1,-61,-110,-110,-78,-90,-81,-110,-110,-110,-110,-110,-110,-110
T1,-61,-110,-110,-78,-90,-81,-110,-110,-110,-110,-110,-110,-110
T1,-61,-110,-110,-78,-90,-81,-110,-110,-110,-110,-110,-110,-110
T1,-61,-110,-110,-78,-90,-81,-110,-110,-110,-110,-110,-110,-110
T1,-61,-110,-110,-78,-90,-81,-110,-110,-110,-110,-110,-110,-110
T1,-61,-110,-110,-78,-90,-81,-110,-110,-110,-110,-110,-110,-110
T1,-61,-110,-110,-78,-90,-81,-110,-110,-110,-110,-110,-110,-110
T1,-61,-110,-110,-78,-90,-81,-110,-110,-110,-110,-110,-110,-110
T1,-61,-110,-110,-78,-90,-81,-110,-110,-110,-110,-110,-110,-110
T1,-61,-110,-110,-78,-90,-81,-110,-110,-110,-110,-110,-110,-110
T1,-61,-110,-110,-78,-90,-81,-110,-110,-110,-110,-110,-110,-110
T1,-61,-110,-110,-78,-90,-81,-110,-110,-110,-110,-110,-110,-110
T1,-61,-110,-110,-78,-90,-81,-110,-110,-110,-110,-110,-110,-110
T1,-61,-110,-110,-78,-90,-81,-110,-110,-110,-110,-110,-110,-110
T1,-61,-110,-110,-78,-90,-81,-110,-110,-110,-110,-110,-110,-110
T1,-61,-110,-110,-78,-90,-81,-110,-110,-110,-110,-110,-110,-110
T1,-61,-110,-110,-78,-90,-81,-110,-110,-110,-110,-110,-110,-110
T1,-61,-110,-110,-78,-90,-81,-110,-110,-110,-110,-110,-110,-110
T1,-61,-110,-110,-78,-90,-81,-110,-110,-110,-110,-110,-110,-110
T1,-61,-110,-110,-78,-90,-81,-110,-110,-110,-110,-110,-110,-110
T1,-61,-110,-110,-78,-90,-81,-110,-110,-110,-110,-110,-110,-110
T1,-73,-110,-80,-70,-110,-110,-90,-110,-110,-110,-110,-110,-110
T1,-73,-110,-80,-70,-110,-110,-90,-110,-110,-110,-110,-110,-110
T1,-62,-110,-78,-75,-110,-110,-110,-77,-88,-110,-110,-110,-110
T1,-62,-110,-78,-75,-110,-110,-110,-77,-88,-110,-110,-110,-110
T1,-69,-110,-110,-74,-110,-110,-110,-110,-110,-110,-110,-110,-110
T1,-69,-110,-110,-74,-110,-110,-110,-110,-110,-110,-110,-110,-110
T1,-69,-110,-110,-74,-110,-110,-110,-110,-110,-110,-110,-110,-110
T1,-69,-110,-110,-74,-110,-110,-110,-110,-110,-110,-110,-110,-110
T1,-60,-110,-75,-74,-110,-76,-110,-76,-110,-110,-110,-110,-110
T1,-60,-110,-75,-74,-110,-76,-110,-76,-110,-110,-110,-110,-110
T1,-60,-110,-75,-74,-110,-76,-110,-76,-110,-110,-110,-110,-110
T1,-60,-110,-75,-74,-110,-76,-110,-76,-110,-110,-110,-110,-110
T1,-60,-110,-75,-74,-110,-76,-110,-76,-110,-110,-110,-110,-110
T1,-60,-110,-75,-74,-110,-76,-110,-76,-110,-110,-110,-110,-110
T1,-60,-110,-75,-74,-110,-76,-110,-76,-110,-110,-110,-110,-110
T1,-60,-110,-75,-74,-110,-76,-110,-76,-110,-110,-110,-110,-110
T1,-60,-110,-75,-74,-110,-76,-110,-76,-110,-110,-110,-110,-110
T1,-67,-110,-82,-68,-88,-110,-110,-110,-110,-110,-110,-110,-110
T1,-67,-110,-82,-68,-88,-110,-110,-110,-110,-110,-110,-110,-110
T1,-67,-110,-82,-68,-88,-110,-110,-110,-110,-110,-110,-110,-110
T1,-67,-110,-82,-68,-88,-110,-110,-110,-110,-110,-110,-110,-110
T2,-66,-110,-85,-78,-85,-110,-110,-110,-110,-110,-110,-110,-110
T2,-66,-110,-85,-78,-85,-110,-110,-110,-110,-110,-110,-110,-110
T2,-66,-110,-85,-78,-85,-110,-110,-110,-110,-110,-110,-110,-110
T2,-66,-110,-85,-78,-85,-110,-110,-110,-110,-110,-110,-110,-110
T2,-66,-110,-85,-78,-85,-110,-110,-110,-110,-110,-110,-110,-110
T2,-66,-110,-85,-78,-85,-110,-110,-110,-110,-110,-110,-110,-110
T2,-66,-110,-85,-78,-85,-110,-110,-110,-110,-110,-110,-110,-110
T2,-66,-110,-85,-78,-85,-110,-110,-110,-110,-110,-110,-110,-110
T2,-66,-110,-85,-78,-85,-110,-110,-110,-110,-110,-110,-110,-110
T2,-66,-110,-85,-78,-85,-110,-110,-110,-110,-110,-110,-110,-110
T2,-66,-110,-85,-78,-85,-110,-110,-110,-110,-110,-110,-110,-110
T2,-66,-110,-85,-78,-85,-110,-110,-110,-110,-110,-110,-110,-110
T2,-66,-110,-85,-78,-85,-110,-110,-110,-110,-110,-110,-110,-110
T2,-66,-110,-85,-78,-85,-110,-110,-110,-110,-110,-110,-110,-110
T2,-66,-110,-85,-78,-85,-110,-110,-110,-110,-110,-110,-110,-110
T2,-62,-110,-110,-75,-110,-110,-110,-110,-110,-76,-89,-110,-110
T2,-62,-110,-110,-75,-110,-110,-110,-110,-110,-76,-89,-110,-110
T2,-69,-110,-84,-76,-110,-110,-110,-110,-110,-65,-110,-110,-110
T2,-69,-110,-84,-76,-110,-110,-110,-110,-110,-65,-110,-110,-110
T2,-69,-110,-84,-76,-110,-110,-110,-110,-110,-65,-110,-110,-110
T2,-69,-110,-84,-76,-110,-110,-110,-110,-110,-65,-110,-110,-110
T2,-69,-110,-84,-76,-110,-110,-110,-110,-110,-65,-110,-110,-110
T2,-69,-110,-84,-76,-110,-110,-110,-110,-110,-65,-110,-110,-110
T2,-69,-110,-84,-76,-110,-110,-110,-110,-110,-65,-110,-110,-110
T2,-69,-110,-84,-76,-110,-110,-110,-110,-110,-65,-110,-110,-110
T2,-69,-110,-84,-76,-110,-110,-110,-110,-110,-65,-110,-110,-110
T2,-69,-110,-84,-76,-110,-110,-110,-110,-110,-65,-110,-110,-110
T2,-69,-110,-84,-76,-110,-110,-110,-110,-110,-65,-110,-110,-110
T2,-69,-110,-84,-76,-110,-110,-110,-110,-110,-65,-110,-110,-110
T2,-69,-110,-84,-76,-110,-110,-110,-110,-110,-65,-110,-110,-110
T2,-69,-110,-84,-76,-110,-110,-110,-110,-110,-65,-110,-110,-110
T2,-69,-110,-84,-76,-110,-110,-110,-110,-110,-65,-110,-110,-110
T2,-69,-110,-84,-76,-110,-110,-110,-110,-110,-65,-110,-110,-110
T3,-69,-110,-110,-110,-85,-110,-90,-110,-110,-110,-110,-110,-110
T3,-69,-110,-110,-110,-85,-110,-90,-110,-110,-110,-110,-110,-110
T3,-71,-110,-110,-110,-110,-80,-110,-110,-110,-110,-110,-110,-110
T3,-71,-110,-110,-110,-110,-80,-110,-110,-110,-110,-110,-110,-110
T3,-68,-76,-110,-76,-110,-110,-110,-110,-110,-110,-110,-110,-110
T3,-68,-76,-110,-76,-110,-110,-110,-110,-110,-110,-110,-110,-110
T3,-68,-76,-110,-76,-110,-110,-110,-110,-110,-110,-110,-110,-110
T3,-68,-76,-110,-76,-110,-110,-110,-110,-110,-110,-110,-110,-110
T3,-68,-76,-110,-76,-110,-110,-110,-110,-110,-110,-110,-110,-110
T3,-68,-76,-110,-76,-110,-110,-110,-110,-110,-110,-110,-110,-110
T3,-68,-76,-110,-76,-110,-110,-110,-110,-110,-110,-110,-110,-110
T4,-71,-80,-110,-74,-89,-82,-85,-110,-110,-110,-110,-110,-110
T4,-71,-80,-110,-74,-89,-82,-85,-110,-110,-110,-110,-110,-110
T4,-71,-80,-110,-74,-89,-82,-85,-110,-110,-110,-110,-110,-110
T4,-71,-80,-110,-74,-89,-82,-85,-110,-110,-110,-110,-110,-110
T4,-71,-80,-110,-74,-89,-82,-85,-110,-110,-110,-110,-110,-110
T4,-71,-80,-110,-74,-89,-82,-85,-110,-110,-110,-110,-110,-110
T4,-69,-82,-110,-83,-86,-110,-110,-110,-110,-110,-110,-86,-110
T4,-69,-82,-110,-83,-86,-110,-110,-110,-110,-110,-110,-86,-110
T4,-68,-74,-84,-79,-110,-110,-93,-110,-110,-110,-110,-110,-110
T4,-68,-74,-84,-79,-110,-110,-93,-110,-110,-110,-110,-110,-110
T5,-62,-81,-110,-73,-86,-83,-110,-110,-110,-110,-110,-110,-110
T5,-62,-81,-110,-73,-86,-83,-110,-110,-110,-110,-110,-110,-110
T5,-62,-81,-110,-73,-86,-83,-110,-110,-110,-110,-110,-110,-110
T5,-62,-81,-110,-73,-86,-83,-110,-110,-110,-110,-110,-110,-110
T5,-62,-81,-110,-73,-86,-83,-110,-110,-110,-110,-110,-110,-110
T5,-62,-81,-110,-73,-86,-83,-110,-110,-110,-110,-110,-110,-110
T5,-62,-81,-110,-73,-86,-83,-110,-110,-110,-110,-110,-110,-110
T5,-62,-81,-110,-73,-86,-83,-110,-110,-110,-110,-110,-110,-110
T5,-62,-81,-110,-73,-86,-83,-110,-110,-110,-110,-110,-110,-110
T5,-62,-81,-110,-73,-86,-83,-110,-110,-110,-110,-110,-110,-110
T6,-59,-77,-110,-72,-110,-88,-110,-110,-110,-110,-110,-110,-110
T6,-59,-77,-110,-72,-110,-88,-110,-110,-110,-110,-110,-110,-110
T6,-59,-77,-110,-72,-110,-88,-110,-110,-110,-110,-110,-110,-110
T6,-59,-77,-110,-72,-110,-88,-110,-110,-110,-110,-110,-110,-110
T6,-59,-77,-110,-72,-110,-88,-110,-110,-110,-110,-110,-110,-110
T6,-59,-77,-110,-72,-110,-88,-110,-110,-110,-110,-110,-110,-110
T6,-59,-77,-110,-72,-110,-88,-110,-110,-110,-110,-110,-110,-110
T6,-63,-79,-110,-66,-110,-79,-110,-78,-110,-110,-90,-110,-110
T6,-63,-79,-110,-66,-110,-79,-110,-78,-110,-110,-90,-110,-110
T6,-63,-79,-110,-66,-110,-79,-110,-78,-110,-110,-90,-110,-110
T7,-63,-79,-110,-66,-110,-79,-110,-78,-110,-110,-90,-110,-110
T7,-63,-79,-110,-66,-110,-79,-110,-78,-110,-110,-90,-110,-110
T7,-61,-110,-76,-72,-86,-76,-110,-110,-90,-110,-110,-110,-110
T7,-61,-110,-76,-72,-86,-76,-110,-110,-90,-110,-110,-110,-110
T7,-61,-110,-76,-72,-86,-76,-110,-110,-90,-110,-110,-110,-110
T7,-61,-110,-76,-72,-86,-76,-110,-110,-90,-110,-110,-110,-110
T7,-61,-110,-76,-72,-86,-76,-110,-110,-90,-110,-110,-110,-110
T7,-61,-110,-76,-72,-86,-76,-110,-110,-90,-110,-110,-110,-110
T8,-69,-110,-110,-110,-110,-77,-110,-110,-110,-110,-110,-83,-110
T8,-69,-110,-110,-110,-110,-77,-110,-110,-110,-110,-110,-83,-110
T8,-60,-110,-110,-77,-110,-77,-110,-110,-110,-110,-90,-110,-110
T8,-60,-110,-110,-77,-110,-77,-110,-110,-110,-110,-90,-110,-110
T8,-63,-110,-80,-82,-110,-110,-110,-110,-110,-110,-110,-110,-110
T8,-63,-110,-80,-82,-110,-110,-110,-110,-110,-110,-110,-110,-110
T8,-63,-110,-80,-82,-110,-110,-110,-110,-110,-110,-110,-110,-110
T8,-63,-110,-80,-82,-110,-110,-110,-110,-110,-110,-110,-110,-110
T8,-63,-110,-80,-82,-110,-110,-110,-110,-110,-110,-110,-110,-110
T8,-63,-110,-80,-82,-110,-110,-110,-110,-110,-110,-110,-110,-110
T8,-63,-110,-80,-82,-110,-110,-110,-110,-110,-110,-110,-110,-110
T8,-63,-110,-80,-82,-110,-110,-110,-110,-110,-110,-110,-110,-110
T8,-63,-110,-80,-82,-110,-110,-110,-110,-110,-110,-110,-110,-110
T8,-63,-110,-80,-82,-110,-110,-110,-110,-110,-110,-110,-110,-110
T8,-63,-110,-80,-82,-110,-110,-110,-110,-110,-110,-110,-110,-110
T8,-63,-110,-80,-82,-110,-110,-110,-110,-110,-110,-110,-110,-110
T9,-61,-110,-83,-73,-110,-110,-110,-110,-110,-110,-89,-87,-110
T9,-61,-110,-83,-73,-110,-110,-110,-110,-110,-110,-89,-87,-110
T9,-61,-110,-83,-73,-110,-110,-110,-110,-110,-110,-89,-87,-110
T9,-61,-110,-83,-73,-110,-110,-110,-110,-110,-110,-89,-87,-110
T9,-61,-110,-83,-73,-110,-110,-110,-110,-110,-110,-89,-87,-110
T9,-61,-110,-83,-73,-110,-110,-110,-110,-110,-110,-89,-87,-110
T9,-61,-110,-83,-73,-110,-110,-110,-110,-110,-110,-89,-87,-110
T9,-61,-110,-83,-73,-110,-110,-110,-110,-110,-110,-89,-87,-110
T9,-67,-74,-110,-77,-86,-81,-110,-110,-110,-110,-110,-110,-110
T9,-67,-74,-110,-77,-86,-81,-110,-110,-110,-110,-110,-110,-110
T10,-65,-78,-110,-79,-110,-84,-110,-110,-87,-110,-110,-86,-110
T10,-65,-78,-110,-79,-110,-84,-110,-110,-87,-110,-110,-86,-110
T10,-65,-78,-110,-79,-110,-84,-110,-110,-87,-110,-110,-86,-110
T10,-65,-78,-110,-79,-110,-84,-110,-110,-87,-110,-110,-86,-110
T10,-65,-78,-110,-79,-110,-84,-110,-110,-87,-110,-110,-86,-110
T10,-65,-78,-110,-79,-110,-84,-110,-110,-87,-110,-110,-86,-110
T10,-65,-78,-110,-79,-110,-84,-110,-110,-87,-110,-110,-86,-110
T10,-65,-78,-110,-79,-110,-84,-110,-110,-87,-110,-110,-86,-110
T10,-65,-78,-110,-79,-110,-84,-110,-110,-87,-110,-110,-86,-110
T10,-65,-78,-110,-79,-110,-84,-110,-110,-87,-110,-110,-86,-110
T10,-65,-78,-110,-79,-110,-84,-110,-110,-87,-110,-110,-86,-110
T10,-65,-78,-110,-79,-110,-84,-110,-110,-87,-110,-110,-86,-110
T11,-59,-110,-79,-110,-86,-110,-110,-73,-88,-110,-110,-83,-110
T11,-59,-110,-79,-110,-86,-110,-110,-73,-88,-110,-110,-83,-110
T11,-74,-110,-77,-82,-110,-77,-110,-76,-87,-110,-90,-110,-110
T11,-74,-110,-77,-82,-110,-77,-110,-76,-87,-110,-90,-110,-110
T11,-65,-78,-75,-78,-85,-74,-110,-110,-110,-110,-110,-110,-110
T11,-65,-78,-75,-78,-85,-74,-110,-110,-110,-110,-110,-110,-110
T11,-65,-78,-75,-78,-85,-74,-110,-110,-110,-110,-110,-110,-110
T11,-65,-78,-75,-78,-85,-74,-110,-110,-110,-110,-110,-110,-110
T12,-64,-76,-110,-79,-80,-85,-110,-110,-110,-110,-110,-82,-110
T12,-64,-76,-110,-79,-80,-85,-110,-110,-110,-110,-110,-82,-110
T12,-64,-76,-110,-79,-80,-85,-110,-110,-110,-110,-110,-82,-110
T12,-64,-76,-110,-79,-80,-85,-110,-110,-110,-110,-110,-82,-110
T12,-62,-110,-81,-65,-110,-110,-110,-79,-110,-110,-110,-87,-110
T12,-62,-110,-81,-65,-110,-110,-110,-79,-110,-110,-110,-87,-110
T12,-62,-110,-81,-65,-110,-110,-110,-79,-110,-110,-110,-87,-110
T12,-62,-110,-81,-65,-110,-110,-110,-79,-110,-110,-110,-87,-110
T13,-63,-78,-110,-79,-110,-75,-110,-110,-110,-110,-110,-110,-110
T13,-63,-78,-110,-79,-110,-75,-110,-110,-110,-110,-110,-110,-110
T13,-63,-78,-110,-79,-110,-75,-110,-110,-110,-110,-110,-110,-110
T13,-63,-78,-110,-79,-110,-75,-110,-110,-110,-110,-110,-110,-110
T13,-63,-78,-110,-79,-110,-75,-110,-110,-110,-110,-110,-110,-110
T13,-63,-78,-110,-79,-110,-75,-110,-110,-110,-110,-110,-110,-110
T13,-63,-78,-110,-79,-110,-75,-110,-110,-110,-110,-110,-110,-110
T13,-63,-78,-110,-79,-110,-75,-110,-110,-110,-110,-110,-110,-110
T14,-110,-110,-73,-74,-88,-74,-89,-110,-110,-110,-110,-110,-110
T14,-110,-110,-73,-74,-88,-74,-89,-110,-110,-110,-110,-110,-110
T14,-58,-79,-110,-71,-90,-82,-110,-79,-110,-110,-110,-110,-110
T14,-58,-79,-110,-71,-90,-82,-110,-79,-110,-110,-110,-110,-110
T14,-60,-110,-110,-72,-110,-78,-110,-75,-110,-110,-110,-83,-110
T14,-60,-110,-110,-72,-110,-78,-110,-75,-110,-110,-110,-83,-110
T14,-60,-110,-110,-72,-110,-78,-110,-75,-110,-110,-110,-83,-110
T14,-60,-110,-110,-72,-110,-78,-110,-75,-110,-110,-110,-83,-110
T14,-60,-110,-110,-72,-110,-78,-110,-75,-110,-110,-110,-83,-110
T15,-58,-110,-76,-74,-85,-110,-110,-110,-110,-110,-110,-82,-110
T15,-58,-110,-76,-74,-85,-110,-110,-110,-110,-110,-110,-82,-110
T15,-58,-110,-76,-74,-85,-110,-110,-110,-110,-110,-110,-82,-110
T15,-58,-110,-76,-74,-85,-110,-110,-110,-110,-110,-110,-82,-110
T15,-58,-110,-76,-74,-85,-110,-110,-110,-110,-110,-110,-82,-110
T15,-58,-110,-76,-74,-85,-110,-110,-110,-110,-110,-110,-82,-110
T16,-63,-78,-110,-75,-89,-83,-88,-110,-110,-110,-110,-80,-110
T16,-110,-72,-110,-78,-110,-81,-90,-110,-110,-110,-110,-81,-110
T16,-110,-72,-110,-78,-110,-81,-90,-110,-110,-110,-110,-81,-110
T16,-110,-72,-110,-78,-110,-81,-90,-110,-110,-110,-110,-81,-110
T16,-110,-72,-110,-78,-110,-81,-90,-110,-110,-110,-110,-81,-110
T16,-110,-72,-110,-78,-110,-81,-90,-110,-110,-110,-110,-81,-110
T17,-61,-110,-82,-110,-110,-110,-110,-73,-86,-110,-110,-110,-110
T17,-61,-110,-82,-110,-110,-110,-110,-73,-86,-110,-110,-110,-110
T17,-61,-110,-82,-110,-110,-110,-110,-73,-86,-110,-110,-110,-110
T17,-61,-110,-82,-110,-110,-110,-110,-73,-86,-110,-110,-110,-110
T17,-61,-110,-82,-110,-110,-110,-110,-73,-86,-110,-110,-110,-110
T17,-61,-110,-82,-110,-110,-110,-110,-73,-86,-110,-110,-110,-110
T17,-61,-110,-82,-110,-110,-110,-110,-73,-86,-110,-110,-110,-110
T17,-61,-110,-82,-110,-110,-110,-110,-73,-86,-110,-110,-110,-110
T17,-61,-110,-82,-110,-110,-110,-110,-73,-86,-110,-110,-110,-110
T18,-66,-78,-110,-77,-110,-81,-88,-77,-87,-110,-110,-110,-110
T18,-66,-78,-110,-77,-110,-81,-88,-77,-87,-110,-110,-110,-110
T18,-70,-110,-85,-78,-110,-110,-110,-110,-110,-110,-110,-110,-110
T18,-70,-110,-85,-78,-110,-110,-110,-110,-110,-110,-110,-110,-110
T18,-65,-110,-110,-78,-110,-84,-110,-110,-85,-110,-110,-110,-110
T18,-65,-110,-110,-78,-110,-84,-110,-110,-85,-110,-110,-110,-110
T18,-65,-110,-110,-78,-110,-84,-110,-110,-85,-110,-110,-110,-110
T18,-65,-110,-110,-78,-110,-84,-110,-110,-85,-110,-110,-110,-110
T18,-65,-110,-110,-78,-110,-84,-110,-110,-85,-110,-110,-110,-110
T18,-65,-110,-110,-78,-110,-84,-110,-110,-85,-110,-110,-110,-110
T18,-65,-110,-110,-78,-110,-84,-110,-110,-85,-110,-110,-110,-110
T18,-66,-79,-110,-82,-88,-110,-83,-110,-88,-110,-110,-110,-110
T1,-76,-63,-100,-110,-110,-110,-110,-110,-110,-110,-110,-110,-110
T1,-76,-63,-100,-110,-110,-110,-110,-110,-110,-110,-110,-110,-110
T1,-76,-63,-100,-110,-110,-110,-110,-110,-110,-110,-110,-110,-110
T1,-80,-64,-94,-77,-110,-110,-110,-110,-110,-110,-110,-110,-110
T1,-80,-64,-94,-77,-110,-110,-110,-110,-110,-110,-110,-110,-110
T1,-80,-64,-94,-77,-110,-110,-110,-110,-110,-110,-110,-110,-110
T1,-85,-68,-110,-81,-82,-93,-110,-110,-110,-110,-110,-110,-110
T1,-85,-68,-110,-81,-82,-93,-110,-110,-110,-110,-110,-110,-110
T1,-85,-68,-110,-81,-82,-93,-110,-110,-110,-110,-110,-110,-110
T1,-85,-68,-110,-81,-82,-93,-110,-110,-110,-110,-110,-110,-110
T1,-85,-68,-110,-81,-82,-93,-110,-110,-110,-110,-110,-110,-110
T1,-85,-68,-110,-81,-82,-93,-110,-110,-110,-110,-110,-110,-110
T1,-85,-68,-110,-81,-82,-93,-110,-110,-110,-110,-110,-110,-110
T1,-85,-68,-110,-81,-82,-93,-110,-110,-110,-110,-110,-110,-110
T1,-85,-68,-110,-81,-82,-93,-110,-110,-110,-110,-110,-110,-110
T1,-85,-68,-110,-81,-82,-93,-110,-110,-110,-110,-110,-110,-110
T1,-85,-68,-110,-81,-82,-93,-110,-110,-110,-110,-110,-110,-110
T1,-85,-68,-110,-81,-82,-93,-110,-110,-110,-110,-110,-110,-110
T1,-85,-68,-110,-81,-82,-93,-110,-110,-110,-110,-110,-110,-110
T2,-81,-72,-110,-110,-84,-110,-86,-110,-110,-110,-110,-110,-110
T2,-81,-72,-110,-110,-84,-110,-86,-110,-110,-110,-110,-110,-110
T2,-81,-72,-110,-110,-84,-110,-86,-110,-110,-110,-110,-110,-110
T2,-81,-72,-110,-110,-84,-110,-86,-110,-110,-110,-110,-110,-110
T2,-81,-72,-110,-110,-84,-110,-86,-110,-110,-110,-110,-110,-110
T2,-81,-72,-110,-110,-84,-110,-86,-110,-110,-110,-110,-110,-110
T2,-81,-72,-110,-110,-84,-110,-86,-110,-110,-110,-110,-110,-110
T2,-81,-72,-110,-110,-84,-110,-86,-110,-110,-110,-110,-110,-110
T2,-81,-72,-110,-110,-84,-110,-86,-110,-110,-110,-110,-110,-110
T2,-81,-72,-110,-110,-84,-110,-86,-110,-110,-110,-110,-110,-110
T2,-81,-72,-110,-110,-84,-110,-86,-110,-110,-110,-110,-110,-110
T2,-81,-72,-110,-110,-84,-110,-86,-110,-110,-110,-110,-110,-110
T2,-81,-72,-110,-110,-84,-110,-86,-110,-110,-110,-110,-110,-110
T2,-81,-72,-110,-110,-84,-110,-86,-110,-110,-110,-110,-110,-110
T2,-81,-72,-110,-110,-84,-110,-86,-110,-110,-110,-110,-110,-110
T2,-81,-72,-110,-110,-84,-110,-86,-110,-110,-110,-110,-110,-110
T2,-81,-72,-110,-110,-84,-110,-86,-110,-110,-110,-110,-110,-110
T2,-81,-72,-110,-110,-84,-110,-86,-110,-110,-110,-110,-110,-110
T2,-81,-72,-110,-110,-84,-110,-86,-110,-110,-110,-110,-110,-110
T2,-81,-72,-110,-110,-84,-110,-86,-110,-110,-110,-110,-110,-110
T2,-81,-72,-110,-110,-84,-110,-86,-110,-110,-110,-110,-110,-110
T2,-81,-72,-110,-110,-84,-110,-86,-110,-110,-110,-110,-110,-110
T2,-81,-72,-110,-110,-84,-110,-86,-110,-110,-110,-110,-110,-110
T2,-81,-72,-110,-110,-84,-110,-86,-110,-110,-110,-110,-110,-110
T2,-81,-72,-110,-110,-84,-110,-86,-110,-110,-110,-110,-110,-110
T3,-81,-72,-110,-110,-84,-110,-86,-110,-110,-110,-110,-110,-110
T3,-76,-67,-110,-110,-110,-110,-110,-94,-86,-110,-110,-110,-110
T3,-76,-67,-110,-110,-110,-110,-110,-94,-86,-110,-110,-110,-110
T3,-76,-67,-110,-110,-110,-110,-110,-94,-86,-110,-110,-110,-110
T3,-76,-67,-110,-110,-110,-110,-110,-94,-86,-110,-110,-110,-110
T3,-84,-78,-110,-110,-86,-110,-85,-95,-110,-110,-110,-110,-110
T3,-84,-78,-110,-110,-86,-110,-85,-95,-110,-110,-110,-110,-110
T3,-84,-78,-110,-110,-86,-110,-85,-95,-110,-110,-110,-110,-110
T3,-84,-78,-110,-110,-86,-110,-85,-95,-110,-110,-110,-110,-110
T3,-84,-78,-110,-110,-86,-110,-85,-95,-110,-110,-110,-110,-110
T3,-84,-78,-110,-110,-86,-110,-85,-95,-110,-110,-110,-110,-110
T3,-84,-78,-110,-110,-86,-110,-85,-95,-110,-110,-110,-110,-110
T3,-84,-78,-110,-110,-86,-110,-85,-95,-110,-110,-110,-110,-110
T3,-84,-78,-110,-110,-86,-110,-85,-95,-110,-110,-110,-110,-110
T3,-84,-78,-110,-110,-86,-110,-85,-95,-110,-110,-110,-110,-110
T3,-84,-78,-110,-110,-86,-110,-85,-95,-110,-110,-110,-110,-110
T3,-84,-78,-110,-110,-86,-110,-85,-95,-110,-110,-110,-110,-110
T3,-84,-78,-110,-110,-86,-110,-85,-95,-110,-110,-110,-110,-110
T3,-84,-78,-110,-110,-86,-110,-85,-95,-110,-110,-110,-110,-110
T3,-84,-78,-110,-110,-86,-110,-85,-95,-110,-110,-110,-110,-110
T3,-84,-78,-110,-110,-86,-110,-85,-95,-110,-110,-110,-110,-110
T3,-84,-78,-110,-110,-86,-110,-85,-95,-110,-110,-110,-110,-110
T3,-84,-78,-110,-110,-86,-110,-85,-95,-110,-110,-110,-110,-110
T4,-84,-78,-110,-110,-86,-110,-85,-95,-110,-110,-110,-110,-110
T4,-84,-78,-110,-110,-86,-110,-85,-95,-110,-110,-110,-110,-110
T4,-84,-78,-110,-110,-86,-110,-85,-95,-110,-110,-110,-110,-110
T4,-84,-78,-110,-110,-86,-110,-85,-95,-110,-110,-110,-110,-110
T4,-84,-78,-110,-110,-86,-110,-85,-95,-110,-110,-110,-110,-110
T4,-84,-78,-110,-110,-86,-110,-85,-95,-110,-110,-110,-110,-110
T4,-84,-78,-110,-110,-86,-110,-85,-95,-110,-110,-110,-110,-110
T4,-84,-78,-110,-110,-86,-110,-85,-95,-110,-110,-110,-110,-110
T4,-84,-78,-110,-110,-86,-110,-85,-95,-110,-110,-110,-110,-110
T4,-84,-78,-110,-110,-86,-110,-85,-95,-110,-110,-110,-110,-110
T4,-84,-78,-110,-110,-86,-110,-85,-95,-110,-110,-110,-110,-110
T4,-84,-78,-110,-110,-86,-110,-85,-95,-110,-110,-110,-110,-110
T4,-84,-78,-110,-110,-86,-110,-85,-95,-110,-110,-110,-110,-110
T4,-84,-78,-110,-110,-86,-110,-85,-95,-110,-110,-110,-110,-110
T5,-80,-72,-95,-83,-82,-95,-110,-110,-110,-91,-110,-110,-110
T5,-80,-72,-95,-83,-82,-95,-110,-110,-110,-91,-110,-110,-110
T5,-80,-72,-95,-83,-82,-95,-110,-110,-110,-91,-110,-110,-110
T5,-80,-72,-95,-83,-82,-95,-110,-110,-110,-91,-110,-110,-110
T5,-80,-72,-95,-83,-82,-95,-110,-110,-110,-91,-110,-110,-110
T5,-80,-72,-95,-83,-82,-95,-110,-110,-110,-91,-110,-110,-110
T5,-80,-72,-95,-83,-82,-95,-110,-110,-110,-91,-110,-110,-110
T5,-80,-72,-95,-83,-82,-95,-110,-110,-110,-91,-110,-110,-110
T5,-80,-72,-95,-83,-82,-95,-110,-110,-110,-91,-110,-110,-110
T5,-80,-72,-95,-83,-82,-95,-110,-110,-110,-91,-110,-110,-110
T5,-80,-72,-95,-83,-82,-95,-110,-110,-110,-91,-110,-110,-110
T5,-80,-72,-95,-83,-82,-95,-110,-110,-110,-91,-110,-110,-110
T5,-80,-72,-95,-83,-82,-95,-110,-110,-110,-91,-110,-110,-110
T5,-80,-72,-95,-83,-82,-95,-110,-110,-110,-91,-110,-110,-110
T5,-80,-72,-95,-83,-82,-95,-110,-110,-110,-91,-110,-110,-110
T6,-86,-71,-96,-79,-79,-95,-88,-110,-110,-94,-110,-110,-110
T6,-86,-71,-96,-79,-79,-95,-88,-110,-110,-94,-110,-110,-110
T6,-86,-71,-96,-79,-79,-95,-88,-110,-110,-94,-110,-110,-110
T6,-86,-71,-96,-79,-79,-95,-88,-110,-110,-94,-110,-110,-110
T6,-91,-72,-110,-81,-84,-93,-80,-110,-80,-110,-110,-110,-110
T6,-91,-72,-110,-81,-84,-93,-80,-110,-80,-110,-110,-110,-110
T6,-91,-72,-110,-81,-84,-93,-80,-110,-80,-110,-110,-110,-110
T6,-91,-72,-110,-81,-84,-93,-80,-110,-80,-110,-110,-110,-110
T6,-91,-72,-110,-81,-84,-93,-80,-110,-80,-110,-110,-110,-110
T6,-91,-72,-110,-81,-84,-93,-80,-110,-80,-110,-110,-110,-110
T6,-91,-72,-110,-81,-84,-93,-80,-110,-80,-110,-110,-110,-110
T7,-92,-66,-110,-82,-85,-110,-110,-110,-110,-110,-97,-110,-110
T7,-92,-66,-110,-82,-85,-110,-110,-110,-110,-110,-97,-110,-110
T7,-92,-66,-110,-82,-85,-110,-110,-110,-110,-110,-97,-110,-110
T7,-92,-66,-110,-82,-85,-110,-110,-110,-110,-110,-97,-110,-110
T7,-92,-66,-110,-82,-85,-110,-110,-110,-110,-110,-97,-110,-110
T7,-92,-66,-110,-82,-85,-110,-110,-110,-110,-110,-97,-110,-110
T7,-92,-66,-110,-82,-85,-110,-110,-110,-110,-110,-97,-110,-110
T7,-92,-66,-110,-82,-85,-110,-110,-110,-110,-110,-97,-110,-110
T7,-92,-66,-110,-82,-85,-110,-110,-110,-110,-110,-97,-110,-110
T7,-92,-66,-110,-82,-85,-110,-110,-110,-110,-110,-97,-110,-110
T7,-92,-66,-110,-82,-85,-110,-110,-110,-110,-110,-97,-110,-110
T7,-92,-66,-110,-82,-85,-110,-110,-110,-110,-110,-97,-110,-110
T7,-92,-66,-110,-82,-85,-110,-110,-110,-110,-110,-97,-110,-110
T7,-92,-66,-110,-82,-85,-110,-110,-110,-110,-110,-97,-110,-110
T7,-92,-66,-110,-82,-85,-110,-110,-110,-110,-110,-97,-110,-110
T8,-92,-66,-110,-82,-85,-110,-110,-110,-110,-110,-97,-110,-110
T8,-92,-66,-110,-82,-85,-110,-110,-110,-110,-110,-97,-110,-110
T8,-92,-66,-110,-82,-85,-110,-110,-110,-110,-110,-97,-110,-110
T8,-92,-66,-110,-82,-85,-110,-110,-110,-110,-110,-97,-110,-110
T8,-92,-66,-110,-82,-85,-110,-110,-110,-110,-110,-97,-110,-110
T8,-92,-66,-110,-82,-85,-110,-110,-110,-110,-110,-97,-110,-110
T8,-92,-66,-110,-82,-85,-110,-110,-110,-110,-110,-97,-110,-110
T8,-92,-66,-110,-82,-85,-110,-110,-110,-110,-110,-97,-110,-110
T8,-92,-66,-110,-82,-85,-110,-110,-110,-110,-110,-97,-110,-110
T8,-92,-66,-110,-82,-85,-110,-110,-110,-110,-110,-97,-110,-110
T8,-92,-66,-110,-82,-85,-110,-110,-110,-110,-110,-97,-110,-110
T8,-92,-66,-110,-82,-85,-110,-110,-110,-110,-110,-97,-110,-110
T8,-92,-66,-110,-82,-85,-110,-110,-110,-110,-110,-97,-110,-110
T9,-110,-70,-110,-110,-85,-110,-110,-110,-110,-110,-110,-110,-110
T9,-110,-70,-110,-110,-85,-110,-110,-110,-110,-110,-110,-110,-110
T9,-110,-70,-110,-110,-85,-110,-110,-110,-110,-110,-110,-110,-110
T9,-110,-70,-110,-110,-85,-110,-110,-110,-110,-110,-110,-110,-110
T9,-110,-70,-110,-110,-85,-110,-110,-110,-110,-110,-110,-110,-110
T9,-89,-64,-110,-110,-89,-110,-110,-110,-110,-110,-110,-110,-110
T9,-110,-110,-110,-110,-110,-110,-110,-110,-89,-110,-110,-110,-110
T9,-89,-64,-110,-110,-89,-110,-110,-110,-89,-110,-110,-110,-110
T9,-89,-64,-110,-110,-89,-110,-110,-110,-89,-110,-110,-110,-110
T9,-89,-64,-110,-110,-89,-110,-110,-110,-89,-110,-110,-110,-110
T9,-89,-64,-110,-110,-89,-110,-110,-110,-89,-110,-110,-110,-110
T9,-89,-64,-110,-110,-89,-110,-110,-110,-89,-110,-110,-110,-110
T9,-89,-64,-110,-110,-89,-110,-110,-110,-89,-110,-110,-110,-110
T9,-89,-64,-110,-110,-89,-110,-110,-110,-89,-110,-110,-110,-110
T9,-89,-64,-110,-110,-89,-110,-110,-110,-89,-110,-110,-110,-110
T9,-89,-64,-110,-110,-89,-110,-110,-110,-89,-110,-110,-110,-110
T9,-89,-64,-110,-110,-89,-110,-110,-110,-89,-110,-110,-110,-110
T10,-89,-64,-110,-110,-89,-110,-110,-110,-89,-110,-110,-110,-110
T10,-89,-64,-110,-110,-89,-110,-110,-110,-89,-110,-110,-110,-110
T10,-89,-64,-110,-110,-89,-110,-110,-110,-89,-110,-110,-110,-110
T10,-89,-64,-110,-110,-89,-110,-110,-110,-89,-110,-110,-110,-110
T10,-89,-64,-110,-110,-89,-110,-110,-110,-89,-110,-110,-110,-110
T10,-89,-64,-110,-110,-89,-110,-110,-110,-89,-110,-110,-110,-110
T10,-89,-64,-110,-110,-89,-110,-110,-110,-89,-110,-110,-110,-110
T10,-89,-64,-110,-110,-89,-110,-110,-110,-89,-110,-110,-110,-110
T10,-89,-64,-110,-110,-89,-110,-110,-110,-89,-110,-110,-110,-110
T10,-89,-64,-110,-110,-89,-110,-110,-110,-89,-110,-110,-110,-110
T10,-89,-64,-110,-110,-89,-110,-110,-110,-89,-110,-110,-110,-110
T10,-89,-64,-110,-110,-89,-110,-110,-110,-89,-110,-110,-110,-110
T10,-89,-64,-110,-110,-89,-110,-110,-110,-89,-110,-110,-110,-110
T10,-89,-64,-110,-110,-89,-110,-110,-110,-89,-110,-110,-110,-110
T10,-89,-64,-110,-110,-89,-110,-110,-110,-89,-110,-110,-110,-110
T10,-89,-64,-110,-110,-89,-110,-110,-110,-89,-110,-110,-110,-110
T10,-89,-64,-110,-110,-89,-110,-110,-110,-89,-110,-110,-110,-110
T10,-89,-64,-110,-110,-89,-110,-110,-110,-89,-110,-110,-110,-110
T10,-89,-64,-110,-110,-89,-110,-110,-110,-89,-110,-110,-110,-110
T11,-89,-64,-110,-110,-89,-110,-110,-110,-89,-110,-110,-110,-110
T11,-89,-64,-110,-110,-89,-110,-110,-110,-89,-110,-110,-110,-110
T11,-89,-64,-110,-110,-89,-110,-110,-110,-89,-110,-110,-110,-110
T11,-89,-64,-110,-110,-89,-110,-110,-110,-89,-110,-110,-110,-110
T11,-89,-64,-110,-110,-89,-110,-110,-110,-89,-110,-110,-110,-110
T11,-89,-64,-110,-110,-89,-110,-110,-110,-89,-110,-110,-110,-110
T11,-89,-64,-110,-110,-89,-110,-110,-110,-89,-110,-110,-110,-110
T11,-89,-64,-110,-110,-89,-110,-110,-110,-89,-110,-110,-110,-110
T11,-89,-64,-110,-110,-89,-110,-110,-110,-89,-110,-110,-110,-110
T11,-89,-64,-110,-110,-89,-110,-110,-110,-89,-110,-110,-110,-110
T11,-89,-64,-110,-110,-89,-110,-110,-110,-89,-110,-110,-110,-110
T11,-89,-64,-110,-110,-89,-110,-110,-110,-89,-110,-110,-110,-110
T11,-89,-64,-110,-110,-89,-110,-110,-110,-89,-110,-110,-110,-110
T11,-89,-64,-110,-110,-89,-110,-110,-110,-89,-110,-110,-110,-110
T11,-89,-64,-110,-110,-89,-110,-110,-110,-89,-110,-110,-110,-110
T11,-89,-64,-110,-110,-89,-110,-110,-110,-89,-110,-110,-110,-110
T11,-89,-64,-110,-110,-89,-110,-110,-110,-89,-110,-110,-110,-110
T11,-89,-64,-110,-110,-89,-110,-110,-110,-89,-110,-110,-110,-110
T11,-89,-64,-110,-110,-89,-110,-110,-110,-89,-110,-110,-110,-110
T11,-89,-64,-110,-110,-89,-110,-110,-110,-89,-110,-110,-110,-110
T12,-89,-64,-110,-110,-89,-110,-110,-110,-89,-110,-110,-110,-110
T12,-89,-64,-110,-110,-89,-110,-110,-110,-89,-110,-110,-110,-110
T12,-89,-64,-110,-110,-89,-110,-110,-110,-89,-110,-110,-110,-110
T12,-89,-64,-110,-110,-89,-110,-110,-110,-89,-110,-110,-110,-110
T12,-89,-64,-110,-110,-89,-110,-110,-110,-89,-110,-110,-110,-110
T12,-77,-77,-110,-110,-81,-110,-110,-110,-110,-95,-110,-110,-110
T12,-77,-77,-110,-110,-81,-110,-110,-110,-110,-95,-110,-110,-110
T12,-77,-77,-110,-110,-81,-110,-110,-110,-110,-95,-110,-110,-110
T12,-77,-77,-110,-110,-81,-110,-110,-110,-110,-95,-110,-110,-110
T12,-77,-77,-110,-110,-81,-110,-110,-110,-110,-95,-110,-110,-110
T12,-110,-65,-110,-84,-84,-110,-110,-110,-110,-110,-110,-110,-110
T12,-110,-65,-110,-84,-84,-110,-110,-110,-110,-110,-110,-110,-110
T12,-110,-65,-110,-84,-84,-110,-110,-110,-110,-110,-110,-110,-110
T12,-110,-65,-110,-84,-84,-110,-110,-110,-110,-110,-110,-110,-110
T12,-110,-65,-110,-84,-84,-110,-110,-110,-110,-110,-110,-110,-110
T12,-110,-65,-110,-84,-84,-110,-110,-110,-110,-110,-110,-110,-110
T12,-110,-65,-110,-84,-84,-110,-110,-110,-110,-110,-110,-110,-110
T12,-110,-65,-110,-84,-84,-110,-110,-110,-110,-110,-110,-110,-110
T12,-110,-65,-110,-84,-84,-110,-110,-110,-110,-110,-110,-110,-110
T13,-90,-73,-96,-82,-110,-110,-110,-110,-110,-110,-110,-110,-110
T13,-90,-73,-96,-82,-110,-110,-110,-110,-110,-110,-110,-110,-110
T13,-90,-73,-96,-82,-110,-110,-110,-110,-110,-110,-110,-110,-110
T13,-90,-73,-96,-82,-110,-110,-110,-110,-110,-110,-110,-110,-110
T13,-90,-73,-96,-82,-110,-110,-110,-110,-110,-110,-110,-110,-110
T13,-90,-73,-96,-82,-110,-110,-110,-110,-110,-110,-110,-110,-110
T13,-90,-73,-96,-82,-110,-110,-110,-110,-110,-110,-110,-110,-110
T13,-90,-73,-96,-82,-110,-110,-110,-110,-110,-110,-110,-110,-110
T13,-90,-73,-96,-82,-110,-110,-110,-110,-110,-110,-110,-110,-110
T13,-90,-73,-96,-82,-110,-110,-110,-110,-110,-110,-110,-110,-110
T13,-90,-73,-96,-82,-110,-110,-110,-110,-110,-110,-110,-110,-110
T13,-90,-73,-96,-82,-110,-110,-110,-110,-110,-110,-110,-110,-110
T13,-90,-73,-96,-82,-110,-110,-110,-110,-110,-110,-110,-110,-110
T13,-90,-73,-96,-82,-110,-110,-110,-110,-110,-110,-110,-110,-110
T13,-90,-73,-96,-82,-110,-110,-110,-110,-110,-110,-110,-110,-110
T13,-90,-73,-96,-82,-110,-110,-110,-110,-110,-110,-110,-110,-110
T13,-90,-73,-96,-82,-110,-110,-110,-110,-110,-110,-110,-110,-110
T13,-90,-73,-96,-82,-110,-110,-110,-110,-110,-110,-110,-110,-110
T14,-76,-69,-110,-110,-110,-94,-86,-110,-110,-110,-110,-110,-110
T14,-76,-69,-110,-110,-110,-94,-86,-110,-110,-110,-110,-110,-110
T14,-76,-69,-110,-110,-110,-94,-86,-110,-110,-110,-110,-110,-110
T14,-76,-69,-110,-110,-110,-94,-86,-110,-110,-110,-110,-110,-110
T14,-76,-69,-110,-110,-110,-94,-86,-110,-110,-110,-110,-110,-110
T14,-76,-69,-110,-110,-110,-94,-86,-110,-110,-110,-110,-110,-110
T14,-76,-69,-110,-110,-110,-94,-86,-110,-110,-110,-110,-110,-110
T14,-76,-69,-110,-110,-110,-94,-86,-110,-110,-110,-110,-110,-110
T14,-76,-69,-110,-110,-110,-94,-86,-110,-110,-110,-110,-110,-110
T14,-76,-69,-110,-110,-110,-94,-86,-110,-110,-110,-110,-110,-110
T14,-76,-69,-110,-110,-110,-94,-86,-110,-110,-110,-110,-110,-110
T14,-76,-69,-110,-110,-110,-94,-86,-110,-110,-110,-110,-110,-110
T14,-76,-69,-110,-110,-110,-94,-86,-110,-110,-110,-110,-110,-110
T14,-76,-69,-110,-110,-110,-94,-86,-110,-110,-110,-110,-110,-110
T14,-76,-69,-110,-110,-110,-94,-86,-110,-110,-110,-110,-110,-110
T14,-76,-69,-110,-110,-110,-94,-86,-110,-110,-110,-110,-110,-110
T14,-76,-69,-110,-110,-110,-94,-86,-110,-110,-110,-110,-110,-110
T15,-87,-65,-110,-89,-110,-110,-110,-110,-110,-110,-110,-90,-110
T15,-87,-65,-110,-89,-110,-110,-110,-110,-110,-110,-110,-90,-110
T15,-87,-65,-110,-89,-110,-110,-110,-110,-110,-110,-110,-90,-110
T15,-80,-66,-110,-110,-83,-110,-110,-97,-110,-110,-110,-110,-110
T15,-80,-66,-110,-110,-83,-110,-110,-97,-110,-110,-110,-110,-110
T15,-80,-66,-110,-110,-83,-110,-110,-97,-110,-110,-110,-110,-110
T15,-80,-66,-110,-110,-83,-110,-110,-97,-110,-110,-110,-110,-110
T15,-80,-66,-110,-110,-83,-110,-110,-97,-110,-110,-110,-110,-110
T15,-80,-66,-110,-110,-83,-110,-110,-97,-110,-110,-110,-110,-110
T15,-80,-66,-110,-110,-83,-110,-110,-97,-110,-110,-110,-110,-110
T15,-80,-66,-110,-110,-83,-110,-110,-97,-110,-110,-110,-110,-110
T15,-80,-66,-110,-110,-83,-110,-110,-97,-110,-110,-110,-110,-110
T15,-80,-66,-110,-110,-83,-110,-110,-97,-110,-110,-110,-110,-110
T15,-80,-66,-110,-110,-83,-110,-110,-97,-110,-110,-110,-110,-110
T15,-80,-66,-110,-110,-83,-110,-110,-97,-110,-110,-110,-110,-110
T15,-80,-66,-110,-110,-83,-110,-110,-97,-110,-110,-110,-110,-110
T15,-80,-66,-110,-110,-83,-110,-110,-97,-110,-110,-110,-110,-110
T15,-80,-66,-110,-110,-83,-110,-110,-97,-110,-110,-110,-110,-110
T15,-80,-66,-110,-110,-83,-110,-110,-97,-110,-110,-110,-110,-110
T15,-80,-66,-110,-110,-83,-110,-110,-97,-110,-110,-110,-110,-110
T15,-80,-66,-110,-110,-83,-110,-110,-97,-110,-110,-110,-110,-110
T15,-80,-66,-110,-110,-83,-110,-110,-97,-110,-110,-110,-110,-110
T15,-80,-66,-110,-110,-83,-110,-110,-97,-110,-110,-110,-110,-110
T16,-80,-66,-110,-110,-83,-110,-110,-97,-110,-110,-110,-110,-110
T16,-80,-66,-110,-110,-83,-110,-110,-97,-110,-110,-110,-110,-110
T16,-80,-66,-110,-110,-83,-110,-110,-97,-110,-110,-110,-110,-110
T16,-80,-66,-110,-110,-83,-110,-110,-97,-110,-110,-110,-110,-110
T16,-80,-66,-110,-110,-83,-110,-110,-97,-110,-110,-110,-110,-110
T16,-80,-66,-110,-110,-83,-110,-110,-97,-110,-110,-110,-110,-110
T16,-80,-66,-110,-110,-83,-110,-110,-97,-110,-110,-110,-110,-110
T16,-80,-66,-110,-110,-83,-110,-110,-97,-110,-110,-110,-110,-110
T16,-80,-66,-110,-110,-83,-110,-110,-97,-110,-110,-110,-110,-110
T16,-80,-66,-110,-110,-83,-110,-110,-97,-110,-110,-110,-110,-110
T16,-80,-66,-110,-110,-83,-110,-110,-97,-110,-110,-110,-110,-110
T16,-80,-66,-110,-110,-83,-110,-110,-97,-110,-110,-110,-110,-110
T16,-80,-66,-110,-110,-83,-110,-110,-97,-110,-110,-110,-110,-110
T16,-80,-66,-110,-110,-83,-110,-110,-97,-110,-110,-110,-110,-110
T16,-80,-66,-110,-110,-83,-110,-110,-97,-110,-110,-110,-110,-110
T16,-80,-66,-110,-110,-83,-110,-110,-97,-110,-110,-110,-110,-110
T16,-85,-68,-110,-85,-110,-94,-110,-93,-89,-96,-110,-110,-110
T16,-85,-68,-110,-85,-110,-94,-110,-93,-89,-96,-110,-110,-110
T16,-85,-68,-110,-85,-110,-94,-110,-93,-89,-96,-110,-110,-110
T16,-85,-68,-110,-85,-110,-94,-110,-93,-89,-96,-110,-110,-110
T16,-85,-68,-110,-85,-110,-94,-110,-93,-89,-96,-110,-110,-110
T16,-85,-68,-110,-85,-110,-94,-110,-93,-89,-96,-110,-110,-110
T17,-85,-68,-110,-85,-110,-94,-110,-93,-89,-96,-110,-110,-110
T17,-85,-68,-110,-85,-110,-94,-110,-93,-89,-96,-110,-110,-110
T17,-85,-68,-110,-85,-110,-94,-110,-93,-89,-96,-110,-110,-110
T17,-85,-68,-110,-85,-110,-94,-110,-93,-89,-96,-110,-110,-110
T17,-85,-68,-110,-85,-110,-94,-110,-93,-89,-96,-110,-110,-110
T17,-85,-68,-110,-85,-110,-94,-110,-93,-89,-96,-110,-110,-110
T17,-85,-68,-110,-85,-110,-94,-110,-93,-89,-96,-110,-110,-110
T17,-85,-68,-110,-85,-110,-94,-110,-93,-89,-96,-110,-110,-110
T17,-85,-68,-110,-85,-110,-94,-110,-93,-89,-96,-110,-110,-110
T17,-85,-68,-110,-85,-110,-94,-110,-93,-89,-96,-110,-110,-110
T17,-85,-68,-110,-85,-110,-94,-110,-93,-89,-96,-110,-110,-110
T17,-83,-62,-110,-85,-82,-110,-110,-110,-110,-94,-110,-110,-110
T17,-83,-62,-110,-85,-82,-110,-110,-110,-110,-94,-110,-110,-110
T17,-83,-62,-110,-85,-82,-110,-110,-110,-110,-94,-110,-110,-110
T17,-83,-62,-110,-85,-82,-110,-110,-110,-110,-94,-110,-110,-110
T17,-83,-62,-110,-85,-82,-110,-110,-110,-110,-94,-110,-110,-110
T17,-83,-62,-110,-85,-82,-110,-110,-110,-110,-94,-110,-110,-110
T17,-83,-62,-110,-85,-82,-110,-110,-110,-110,-94,-110,-110,-110
T18,-82,-65,-110,-110,-84,-94,-79,-110,-79,-96,-110,-110,-110
T18,-82,-65,-110,-110,-84,-94,-79,-110,-79,-96,-110,-110,-110
T18,-82,-65,-110,-110,-84,-94,-79,-110,-79,-96,-110,-110,-110
T18,-82,-65,-110,-110,-84,-94,-79,-110,-79,-96,-110,-110,-110
T18,-82,-65,-110,-110,-84,-94,-79,-110,-79,-96,-110,-110,-110
T18,-82,-65,-110,-110,-84,-94,-79,-110,-79,-96,-110,-110,-110
T18,-82,-65,-110,-110,-84,-94,-79,-110,-79,-96,-110,-110,-110
T18,-82,-65,-110,-110,-84,-94,-79,-110,-79,-96,-110,-110,-110
T18,-82,-65,-110,-110,-84,-94,-79,-110,-79,-96,-110,-110,-110
T18,-82,-65,-110,-110,-84,-94,-79,-110,-79,-96,-110,-110,-110
T18,-82,-65,-110,-110,-84,-94,-79,-110,-79,-96,-110,-110,-110
T18,-82,-65,-110,-110,-84,-94,-79,-110,-79,-96,-110,-110,-110
T18,-82,-65,-110,-110,-84,-94,-79,-110,-79,-96,-110,-110,-110
T18,-82,-65,-110,-110,-84,-94,-79,-110,-79,-96,-110,-110,-110
T18,-82,-65,-110,-110,-84,-94,-79,-110,-79,-96,-110,-110,-110
T18,-82,-65,-110,-110,-84,-94,-79,-110,-79,-96,-110,-110,-110
T18,-82,-65,-110,-110,-84,-94,-79,-110,-79,-96,-110,-110,-110
T18,-82,-65,-110,-110,-84,-94,-79,-110,-79,-96,-110,-110,-110
T18,-82,-65,-110,-110,-84,-94,-79,-110,-79,-96,-110,-110,-110
T1,-83,-92,-92,-66,-80,-82,-110,-110,-110,-110,-110,-110,-110
T1,-83,-92,-92,-66,-80,-82,-110,-110,-110,-110,-110,-110,-110
T1,-83,-92,-92,-66,-80,-82,-110,-110,-110,-110,-110,-110,-110
T1,-83,-92,-92,-66,-80,-82,-110,-110,-110,-110,-110,-110,-110
T1,-83,-92,-92,-66,-80,-82,-110,-110,-110,-110,-110,-110,-110
T1,-83,-92,-92,-66,-80,-82,-110,-110,-110,-110,-110,-110,-110
T1,-89,-93,-92,-61,-90,-83,-110,-110,-110,-110,-110,-110,-110
T1,-89,-93,-92,-61,-90,-83,-110,-110,-110,-110,-110,-110,-110
T1,-89,-93,-92,-61,-90,-83,-110,-110,-110,-110,-110,-110,-110
T1,-89,-93,-92,-61,-90,-83,-110,-110,-110,-110,-110,-110,-110
T1,-89,-93,-92,-61,-90,-83,-110,-110,-110,-110,-110,-110,-110
T1,-89,-93,-92,-61,-90,-83,-110,-110,-110,-110,-110,-110,-110
T1,-82,-93,-92,-60,-78,-80,-110,-110,-110,-110,-110,-110,-110
T1,-82,-93,-92,-60,-78,-80,-110,-110,-110,-110,-110,-110,-110
T1,-82,-93,-92,-60,-78,-80,-110,-110,-110,-110,-110,-110,-110
T1,-82,-93,-92,-60,-78,-80,-110,-110,-110,-110,-110,-110,-110
T1,-82,-93,-92,-60,-78,-80,-110,-110,-110,-110,-110,-110,-110
T1,-82,-93,-92,-60,-78,-80,-110,-110,-110,-110,-110,-110,-110
T2,-92,-93,-83,-55,-78,-84,-91,-83,-110,-110,-110,-110,-110
T2,-92,-93,-83,-55,-78,-84,-91,-83,-110,-110,-110,-110,-110
T2,-75,-93,-85,-68,-80,-74,-91,-89,-110,-110,-110,-110,-110
T2,-75,-110,-85,-68,-80,-74,-91,-89,-110,-110,-110,-110,-110
T2,-75,-110,-85,-68,-80,-74,-91,-89,-110,-110,-110,-110,-110
T2,-75,-110,-85,-68,-80,-74,-91,-89,-110,-110,-110,-110,-110
T2,-75,-110,-85,-68,-80,-74,-91,-89,-110,-110,-110,-110,-110
T2,-75,-110,-85,-68,-80,-74,-91,-89,-110,-110,-110,-110,-110
T2,-79,-110,-85,-63,-87,-83,-92,-84,-110,-110,-110,-110,-110
T2,-79,-110,-85,-63,-87,-83,-92,-84,-110,-110,-110,-110,-110
T2,-79,-110,-85,-63,-87,-83,-92,-84,-110,-110,-110,-110,-110
T2,-79,-110,-85,-63,-87,-83,-92,-84,-110,-110,-110,-110,-110
T2,-79,-110,-85,-63,-87,-83,-92,-84,-110,-110,-110,-110,-110
T2,-79,-110,-85,-63,-87,-83,-92,-84,-110,-110,-110,-110,-110
T3,-77,-110,-85,-67,-87,-82,-90,-84,-110,-110,-110,-110,-110
T3,-77,-110,-85,-67,-87,-82,-90,-84,-110,-110,-110,-110,-110
T3,-77,-110,-85,-67,-87,-82,-90,-84,-110,-110,-110,-110,-110
T3,-77,-110,-85,-67,-87,-82,-90,-84,-110,-110,-110,-110,-110
T3,-77,-110,-85,-67,-87,-82,-90,-84,-110,-110,-110,-110,-110
T3,-77,-110,-85,-67,-87,-82,-90,-84,-110,-110,-110,-110,-110
T3,-77,-110,-92,-64,-87,-82,-91,-90,-110,-110,-110,-110,-110
T3,-77,-110,-92,-64,-87,-82,-91,-90,-110,-110,-110,-110,-110
T3,-77,-110,-92,-64,-87,-82,-91,-90,-110,-110,-110,-110,-110
T3,-77,-110,-92,-64,-110,-82,-91,-90,-110,-110,-110,-110,-110
T3,-77,-110,-92,-64,-110,-82,-91,-90,-110,-110,-110,-110,-110
T3,-77,-110,-92,-64,-110,-82,-91,-90,-110,-110,-110,-110,-110
T3,-77,-110,-92,-64,-110,-82,-91,-90,-110,-110,-110,-110,-110
T3,-83,-110,-83,-68,-82,-78,-91,-84,-110,-110,-110,-110,-110
T3,-83,-110,-83,-68,-82,-78,-91,-84,-110,-110,-110,-110,-110
T3,-83,-110,-83,-68,-82,-78,-91,-84,-110,-110,-110,-110,-110
T4,-91,-90,-85,-58,-78,-84,-91,-85,-110,-110,-110,-110,-110
T4,-91,-90,-85,-58,-78,-84,-91,-85,-110,-110,-110,-110,-110
T4,-91,-90,-85,-58,-78,-84,-91,-85,-110,-110,-110,-110,-110
T4,-91,-90,-85,-58,-78,-84,-91,-85,-110,-110,-110,-110,-110
T4,-91,-90,-85,-58,-78,-84,-91,-85,-110,-110,-110,-110,-110
T4,-91,-90,-85,-58,-78,-84,-91,-85,-110,-110,-110,-110,-110
T4,-91,-90,-85,-58,-78,-84,-91,-85,-110,-110,-110,-110,-110
T4,-91,-90,-85,-58,-78,-84,-110,-85,-110,-110,-110,-110,-110
T4,-91,-90,-85,-58,-78,-84,-110,-85,-110,-110,-110,-110,-110
T4,-91,-90,-85,-58,-78,-84,-110,-85,-110,-110,-110,-110,-110
T4,-91,-90,-85,-58,-78,-84,-110,-85,-110,-110,-110,-110,-110
T4,-91,-90,-85,-58,-78,-84,-110,-85,-110,-110,-110,-110,-110
T4,-91,-90,-85,-58,-78,-84,-110,-85,-110,-110,-110,-110,-110
T5,-80,-91,-85,-68,-77,-80,-110,-83,-110,-110,-110,-110,-110
T5,-80,-91,-85,-68,-77,-80,-110,-83,-110,-110,-110,-110,-110
T5,-80,-91,-85,-68,-77,-80,-110,-83,-110,-110,-110,-110,-110
T5,-80,-91,-85,-68,-77,-80,-110,-83,-110,-110,-110,-110,-110
T5,-80,-91,-85,-68,-77,-80,-110,-83,-110,-110,-110,-110,-110
T5,-80,-91,-85,-68,-77,-80,-110,-83,-110,-110,-110,-110,-110
T5,-80,-91,-85,-68,-77,-80,-110,-83,-110,-110,-110,-110,-110
T5,-80,-91,-85,-68,-77,-80,-110,-83,-110,-110,-110,-110,-110
T5,-80,-91,-85,-68,-77,-80,-110,-83,-110,-110,-110,-110,-110
T5,-80,-91,-85,-68,-77,-80,-110,-83,-110,-110,-110,-110,-110
T5,-80,-91,-85,-68,-77,-80,-110,-83,-110,-110,-110,-110,-110
T5,-80,-91,-85,-68,-77,-80,-110,-83,-110,-110,-110,-110,-110
T5,-80,-110,-85,-68,-77,-80,-110,-83,-110,-110,-110,-110,-110
T5,-81,-93,-88,-60,-72,-78,-92,-83,-110,-110,-110,-110,-110
T5,-81,-93,-88,-60,-72,-78,-92,-83,-110,-110,-110,-110,-110
T5,-76,-93,-91,-59,-80,-88,-92,-83,-89,-110,-110,-110,-110
T5,-76,-93,-91,-59,-80,-88,-92,-83,-89,-110,-110,-110,-110
T5,-76,-93,-91,-59,-80,-88,-92,-83,-89,-110,-110,-110,-110
T5,-76,-93,-91,-59,-80,-88,-92,-83,-89,-110,-110,-110,-110
T5,-76,-93,-91,-59,-80,-88,-92,-83,-89,-110,-110,-110,-110
T5,-76,-93,-91,-59,-80,-88,-92,-83,-89,-110,-110,-110,-110
T6,-83,-110,-82,-68,-79,-74,-93,-89,-89,-93,-110,-110,-110
T6,-83,-110,-82,-68,-79,-74,-93,-89,-89,-93,-110,-110,-110
T6,-83,-110,-82,-68,-79,-74,-93,-89,-89,-93,-110,-110,-110
T6,-83,-110,-82,-68,-79,-74,-93,-89,-89,-93,-110,-110,-110
T6,-77,-92,-87,-65,-79,-85,-93,-87,-91,-93,-110,-110,-110
T6,-77,-92,-87,-65,-79,-85,-93,-87,-91,-93,-110,-110,-110
T6,-77,-92,-87,-65,-79,-85,-93,-87,-91,-93,-110,-110,-110
T6,-77,-92,-87,-65,-79,-85,-93,-87,-91,-93,-110,-110,-110
T6,-77,-92,-87,-65,-79,-85,-93,-87,-91,-93,-110,-110,-110
T6,-77,-92,-87,-65,-79,-85,-93,-87,-91,-93,-110,-110,-110
T6,-77,-92,-87,-65,-79,-85,-93,-87,-91,-93,-110,-110,-110
T6,-77,-92,-87,-65,-79,-85,-93,-87,-91,-93,-110,-110,-110
T6,-77,-92,-87,-65,-79,-85,-93,-87,-91,-93,-110,-110,-110
T6,-77,-92,-87,-65,-79,-85,-110,-87,-91,-110,-110,-110,-110
T6,-77,-92,-87,-65,-110,-85,-110,-87,-91,-110,-110,-110,-110
T6,-77,-92,-87,-65,-110,-85,-110,-87,-91,-110,-110,-110,-110
T6,-77,-92,-87,-65,-110,-85,-110,-87,-91,-110,-110,-110,-110
T7,-78,-92,-82,-62,-78,-84,-110,-82,-89,-110,-110,-110,-110
T7,-78,-92,-82,-62,-78,-84,-110,-82,-89,-110,-110,-110,-110
T7,-78,-92,-82,-62,-78,-84,-110,-82,-89,-110,-110,-110,-110
T7,-78,-92,-82,-62,-78,-84,-110,-82,-89,-110,-110,-110,-110
T7,-78,-92,-82,-62,-78,-84,-110,-82,-89,-110,-110,-110,-110
T7,-78,-110,-82,-62,-78,-84,-110,-82,-89,-110,-110,-110,-110
T7,-76,-91,-85,-61,-78,-83,-110,-86,-89,-110,-110,-110,-110
T7,-76,-91,-85,-61,-78,-83,-110,-86,-89,-110,-110,-110,-110
T7,-76,-91,-85,-61,-78,-83,-110,-86,-89,-110,-110,-110,-110
T7,-76,-91,-85,-61,-78,-83,-110,-86,-89,-110,-110,-110,-110
T7,-76,-91,-85,-61,-78,-83,-110,-86,-89,-110,-110,-110,-110
T7,-76,-91,-85,-61,-78,-83,-110,-86,-89,-110,-110,-110,-110
T7,-74,-89,-83,-67,-80,-80,-110,-83,-89,-110,-110,-110,-110
T7,-74,-89,-83,-67,-80,-80,-110,-83,-89,-110,-110,-110,-110
T7,-74,-89,-83,-67,-80,-80,-110,-83,-89,-110,-110,-110,-110
T7,-74,-89,-83,-67,-80,-80,-110,-83,-89,-110,-110,-110,-110
T7,-74,-89,-83,-67,-80,-80,-110,-83,-89,-110,-110,-110,-110
T7,-74,-89,-83,-67,-80,-80,-110,-83,-110,-110,-110,-110,-110
T7,-74,-89,-83,-67,-80,-80,-110,-83,-110,-110,-110,-110,-110
T7,-76,-89,-84,-58,-80,-79,-110,-84,-110,-92,-110,-110,-110
T8,-71,-89,-84,-60,-83,-76,-110,-84,-110,-92,-110,-110,-110
T8,-71,-89,-84,-60,-83,-76,-110,-84,-110,-92,-110,-110,-110
T8,-71,-89,-84,-60,-83,-76,-110,-84,-110,-92,-110,-110,-110
T8,-71,-89,-84,-60,-83,-76,-110,-84,-110,-92,-110,-110,-110
T8,-71,-89,-84,-60,-83,-76,-110,-84,-110,-92,-110,-110,-110
T8,-71,-89,-84,-60,-83,-76,-110,-84,-110,-92,-110,-110,-110
T8,-77,-89,-89,-58,-83,-81,-93,-87,-110,-89,-110,-110,-110
T8,-77,-89,-89,-58,-83,-81,-93,-87,-110,-89,-110,-110,-110
T8,-77,-89,-89,-58,-83,-81,-93,-87,-110,-89,-110,-110,-110
T8,-69,-110,-79,-63,-83,-82,-93,-78,-110,-89,-66,-110,-110
T8,-69,-110,-79,-63,-83,-82,-93,-78,-110,-89,-66,-110,-110
T8,-69,-110,-79,-63,-83,-82,-93,-78,-110,-89,-66,-110,-110
T8,-69,-110,-79,-63,-83,-82,-93,-78,-110,-89,-66,-110,-110
T8,-69,-110,-79,-63,-83,-82,-93,-78,-110,-89,-66,-110,-110
T8,-69,-110,-79,-63,-83,-82,-93,-78,-110,-89,-66,-110,-110
T8,-77,-91,-83,-68,-83,-79,-93,-83,-110,-91,-65,-110,-110
T8,-77,-91,-83,-68,-83,-79,-93,-83,-110,-91,-65,-110,-110
T8,-77,-91,-83,-68,-83,-79,-93,-83,-110,-91,-65,-110,-110
T8,-77,-91,-83,-68,-83,-79,-93,-83,-110,-91,-65,-110,-110
T8,-77,-91,-83,-68,-83,-79,-93,-83,-110,-91,-65,-110,-110
T8,-77,-91,-83,-68,-83,-79,-93,-83,-110,-91,-65,-110,-110
T9,-72,-91,-86,-68,-80,-78,-93,-83,-110,-85,-77,-110,-110
T9,-72,-91,-86,-68,-80,-78,-110,-83,-110,-85,-77,-110,-110
T9,-72,-91,-86,-68,-80,-78,-110,-83,-110,-85,-77,-110,-110
T9,-72,-91,-86,-68,-80,-78,-110,-83,-110,-85,-77,-110,-110
T9,-72,-91,-86,-68,-80,-78,-110,-83,-110,-85,-77,-110,-110
T9,-72,-91,-86,-68,-80,-78,-110,-83,-110,-85,-77,-110,-110
T9,-81,-91,-84,-64,-81,-79,-91,-88,-110,-87,-77,-110,-110
T9,-81,-91,-84,-64,-81,-79,-91,-88,-110,-87,-77,-110,-110
T9,-81,-91,-84,-64,-81,-79,-91,-88,-110,-87,-77,-110,-110
T9,-81,-91,-84,-64,-81,-79,-91,-88,-110,-87,-77,-110,-110
T9,-81,-91,-84,-64,-81,-79,-91,-88,-110,-87,-77,-110,-110
T9,-82,-91,-82,-71,-82,-79,-92,-82,-110,-89,-77,-110,-110
T9,-82,-91,-82,-71,-82,-79,-92,-82,-110,-89,-77,-110,-110
T9,-82,-91,-82,-71,-82,-79,-92,-82,-110,-89,-77,-110,-110
T9,-82,-91,-82,-71,-82,-79,-92,-82,-110,-89,-77,-110,-110
T9,-82,-91,-82,-71,-82,-79,-92,-82,-110,-89,-77,-110,-110
T9,-82,-91,-82,-71,-82,-79,-92,-82,-110,-89,-110,-110,-110
T9,-83,-89,-79,-64,-82,-81,-92,-79,-110,-87,-110,-86,-110
T9,-83,-89,-79,-64,-82,-81,-92,-79,-110,-87,-110,-86,-110
T9,-83,-89,-79,-64,-82,-81,-92,-79,-110,-87,-110,-86,-110
T10,-77,-89,-82,-59,-84,-80,-92,-85,-110,-86,-110,-86,-110
T10,-77,-89,-82,-59,-84,-80,-92,-85,-110,-86,-110,-86,-110
T10,-77,-89,-82,-59,-84,-80,-92,-85,-110,-86,-110,-86,-110
T10,-77,-89,-82,-59,-84,-80,-92,-85,-110,-86,-110,-86,-110
T10,-77,-89,-82,-59,-84,-80,-92,-85,-110,-86,-110,-86,-110
T10,-77,-89,-82,-59,-84,-80,-92,-85,-110,-86,-110,-86,-110
T10,-77,-89,-82,-59,-84,-80,-92,-85,-110,-86,-110,-86,-110
T10,-77,-89,-86,-55,-76,-84,-92,-85,-88,-93,-110,-86,-110
T10,-77,-89,-86,-55,-76,-84,-92,-85,-88,-93,-110,-86,-110
T10,-77,-89,-86,-55,-76,-84,-92,-85,-88,-93,-110,-86,-110
T10,-77,-89,-86,-55,-76,-84,-92,-85,-88,-93,-110,-86,-110
T10,-77,-89,-86,-55,-76,-84,-92,-85,-88,-93,-110,-86,-110
T10,-77,-89,-86,-55,-76,-84,-92,-85,-88,-93,-110,-86,-110
T10,-77,-89,-86,-55,-76,-84,-92,-85,-88,-93,-110,-86,-110
T10,-84,-90,-86,-62,-83,-81,-93,-85,-88,-93,-110,-86,-110
T10,-84,-90,-86,-62,-83,-81,-93,-85,-88,-93,-110,-110,-110
T10,-84,-90,-86,-62,-83,-81,-93,-85,-88,-93,-110,-110,-110
T10,-84,-90,-86,-62,-83,-81,-93,-85,-88,-93,-110,-110,-110
T10,-84,-90,-86,-62,-83,-81,-93,-85,-88,-93,-110,-110,-110
T10,-84,-90,-86,-62,-83,-81,-93,-85,-88,-93,-110,-110,-110
T10,-90,-90,-86,-59,-78,-78,-93,-86,-93,-93,-110,-88,-110
T10,-90,-90,-86,-59,-78,-78,-93,-86,-93,-93,-110,-88,-110
T10,-90,-90,-86,-59,-78,-78,-93,-86,-93,-93,-110,-88,-110
T11,-82,-93,-110,-66,-73,-77,-93,-86,-93,-86,-110,-91,-110
T11,-82,-93,-110,-66,-73,-77,-93,-86,-93,-86,-110,-91,-110
T11,-82,-93,-110,-66,-73,-77,-93,-86,-93,-86,-110,-91,-110
T11,-82,-93,-110,-66,-73,-77,-110,-86,-93,-86,-110,-91,-110
T11,-82,-93,-110,-66,-73,-77,-110,-86,-93,-86,-110,-91,-110
T11,-82,-93,-110,-66,-73,-77,-110,-86,-93,-86,-110,-91,-110
T11,-82,-93,-110,-66,-73,-77,-110,-86,-93,-86,-110,-91,-110
T11,-78,-90,-85,-61,-83,-81,-91,-86,-93,-86,-110,-91,-110
T11,-78,-90,-85,-61,-83,-81,-91,-86,-93,-86,-110,-91,-110
T11,-78,-90,-85,-61,-83,-81,-91,-86,-93,-86,-110,-91,-110
T11,-78,-90,-85,-61,-83,-81,-91,-86,-93,-86,-110,-91,-110
T11,-78,-90,-85,-61,-83,-81,-91,-86,-110,-86,-110,-91,-110
T11,-78,-90,-85,-61,-83,-81,-91,-86,-110,-86,-110,-91,-110
T11,-83,-90,-85,-66,-78,-84,-91,-86,-88,-86,-110,-91,-110
T11,-83,-90,-85,-66,-78,-84,-91,-86,-88,-86,-110,-91,-110
T11,-83,-90,-85,-66,-78,-84,-91,-86,-88,-86,-110,-91,-110
T11,-83,-90,-85,-66,-78,-84,-91,-86,-88,-110,-110,-110,-110
T11,-83,-90,-85,-66,-78,-84,-91,-86,-88,-110,-110,-110,-110
T11,-83,-90,-85,-66,-78,-84,-91,-86,-88,-110,-110,-110,-110
T11,-73,-90,-88,-69,-78,-78,-91,-86,-88,-92,-110,-110,-110
T12,-80,-90,-88,-64,-78,-80,-110,-110,-88,-92,-110,-110,-110
T12,-80,-90,-88,-64,-78,-80,-110,-110,-88,-92,-110,-110,-110
T12,-80,-90,-88,-64,-78,-80,-110,-110,-88,-92,-110,-110,-110
T12,-80,-90,-88,-64,-78,-80,-110,-110,-88,-92,-110,-110,-110
T12,-80,-90,-88,-64,-110,-80,-110,-110,-88,-92,-110,-110,-110
T12,-80,-90,-88,-64,-110,-80,-110,-110,-88,-92,-110,-110,-110
T12,-80,-90,-88,-64,-78,-78,-110,-91,-88,-92,-110,-110,-110
T12,-80,-90,-88,-64,-78,-78,-110,-91,-88,-92,-110,-110,-110
T12,-80,-110,-88,-64,-78,-78,-110,-91,-88,-92,-110,-110,-110
T12,-80,-110,-88,-64,-78,-78,-110,-91,-88,-110,-110,-110,-110
T12,-80,-110,-110,-64,-78,-78,-110,-91,-88,-110,-110,-110,-110
T12,-80,-110,-110,-64,-78,-78,-110,-91,-88,-110,-110,-110,-110
T12,-76,-89,-79,-63,-78,-89,-110,-79,-86,-110,-110,-110,-110
T12,-76,-89,-79,-63,-78,-89,-110,-79,-86,-110,-110,-110,-110
T12,-76,-89,-79,-63,-78,-89,-110,-79,-86,-110,-110,-110,-110
T12,-76,-89,-79,-63,-78,-89,-110,-79,-86,-110,-110,-110,-110
T12,-76,-89,-79,-63,-78,-89,-110,-79,-86,-110,-110,-110,-110
T12,-76,-89,-79,-63,-78,-89,-110,-79,-86,-110,-110,-110,-110
T12,-81,-89,-79,-61,-81,-80,-110,-79,-86,-110,-110,-110,-110
T12,-81,-89,-79,-61,-81,-80,-110,-79,-86,-110,-110,-110,-110
T12,-81,-89,-79,-61,-81,-80,-110,-79,-86,-110,-110,-110,-110
T12,-81,-89,-79,-61,-81,-80,-110,-79,-86,-110,-110,-110,-110
T12,-81,-89,-79,-61,-81,-80,-110,-79,-86,-110,-110,-110,-110
T12,-81,-89,-79,-61,-81,-80,-110,-79,-86,-110,-110,-110,-110
T12,-80,-91,-79,-58,-75,-81,-110,-79,-90,-110,-110,-110,-110
T12,-80,-91,-79,-58,-75,-81,-110,-79,-90,-110,-110,-110,-110
T12,-80,-91,-79,-58,-75,-81,-110,-79,-90,-110,-110,-110,-110
T12,-80,-91,-79,-58,-75,-81,-110,-79,-90,-110,-110,-110,-110
T13,-83,-91,-79,-62,-78,-82,-110,-78,-88,-110,-110,-110,-110
T13,-83,-91,-79,-62,-78,-82,-110,-78,-88,-110,-110,-110,-110
T13,-83,-91,-79,-62,-78,-82,-110,-78,-88,-110,-110,-110,-110
T13,-83,-91,-79,-62,-78,-82,-110,-78,-88,-110,-110,-110,-110
T13,-83,-91,-79,-62,-78,-82,-110,-78,-88,-110,-110,-110,-110
T13,-83,-91,-79,-62,-78,-82,-110,-78,-88,-110,-110,-110,-110
T13,-83,-91,-79,-62,-78,-82,-110,-78,-88,-110,-110,-110,-110
T13,-83,-110,-79,-62,-78,-82,-110,-78,-88,-110,-110,-110,-110
T13,-83,-110,-79,-62,-78,-82,-110,-78,-88,-110,-110,-110,-110
T13,-83,-110,-79,-62,-78,-82,-110,-78,-88,-110,-110,-110,-110
T13,-83,-110,-79,-62,-78,-82,-110,-78,-88,-110,-110,-110,-110
T13,-83,-110,-79,-62,-78,-82,-110,-78,-88,-110,-110,-110,-110
T13,-83,-110,-79,-62,-78,-82,-110,-78,-88,-110,-110,-110,-110
T13,-81,-110,-81,-68,-85,-77,-110,-83,-110,-89,-110,-110,-110
T13,-81,-110,-81,-68,-85,-77,-110,-83,-110,-89,-110,-110,-110
T13,-81,-110,-81,-68,-85,-77,-110,-83,-110,-89,-110,-110,-110
T13,-81,-110,-81,-68,-85,-77,-110,-83,-110,-89,-110,-110,-110
T14,-70,-110,-85,-67,-81,-77,-93,-86,-110,-89,-110,-110,-110
T14,-70,-110,-85,-67,-81,-77,-93,-86,-110,-110,-110,-110,-110
T14,-70,-110,-85,-67,-81,-77,-93,-86,-110,-110,-110,-110,-110
T14,-70,-110,-85,-67,-81,-77,-93,-86,-110,-110,-110,-110,-110
T14,-70,-110,-85,-67,-81,-77,-93,-86,-110,-110,-110,-110,-110
T14,-79,-110,-89,-61,-85,-79,-93,-89,-110,-91,-110,-110,-110
T14,-79,-110,-89,-61,-85,-79,-93,-89,-110,-91,-110,-110,-110
T14,-79,-110,-89,-61,-85,-79,-93,-89,-110,-91,-110,-110,-110
T14,-79,-110,-89,-61,-85,-79,-93,-89,-110,-91,-110,-110,-110
T14,-79,-110,-89,-61,-85,-79,-93,-89,-110,-91,-110,-110,-110
T14,-79,-110,-89,-61,-85,-79,-93,-89,-110,-91,-110,-110,-110
T14,-86,-88,-77,-68,-85,-77,-93,-76,-110,-91,-110,-110,-110
T14,-86,-88,-77,-68,-85,-77,-93,-76,-110,-91,-110,-110,-110
T14,-86,-88,-77,-68,-85,-77,-93,-76,-110,-91,-110,-110,-110
T14,-86,-88,-77,-68,-85,-77,-93,-76,-110,-91,-110,-110,-110
T14,-86,-88,-77,-68,-85,-77,-110,-76,-110,-91,-110,-110,-110
T14,-86,-88,-77,-68,-85,-77,-110,-76,-110,-91,-110,-110,-110
T14,-74,-88,-81,-65,-75,-80,-92,-80,-110,-90,-110,-110,-110
T14,-74,-110,-110,-110,-110,-110,-92,-110,-110,-90,-110,-110,-110
T14,-110,-88,-81,-65,-75,-80,-110,-80,-110,-110,-110,-110,-110
T14,-74,-88,-81,-65,-75,-80,-92,-80,-110,-90,-110,-110,-110
T14,-74,-88,-81,-65,-75,-80,-92,-80,-110,-90,-110,-110,-110
T14,-74,-88,-81,-65,-75,-80,-92,-80,-110,-90,-110,-110,-110
T14,-73,-89,-87,-56,-75,-77,-92,-80,-110,-92,-110,-110,-110
T14,-73,-89,-87,-56,-75,-77,-92,-80,-110,-92,-110,-110,-110
T15,-79,-89,-86,-61,-82,-81,-110,-91,-110,-87,-110,-87,-110
T15,-79,-89,-86,-61,-82,-81,-110,-91,-110,-87,-110,-87,-110
T15,-79,-89,-86,-61,-82,-81,-110,-91,-110,-87,-110,-87,-110
T15,-79,-89,-86,-61,-82,-81,-110,-91,-110,-87,-110,-87,-110
T15,-79,-89,-86,-61,-82,-81,-110,-91,-110,-87,-110,-87,-110
T15,-79,-89,-86,-61,-82,-81,-110,-91,-110,-87,-110,-87,-110
T15,-79,-110,-86,-61,-82,-81,-110,-91,-110,-87,-110,-87,-110
T15,-78,-92,-87,-63,-82,-80,-110,-91,-110,-87,-110,-87,-110
T15,-78,-92,-87,-63,-82,-80,-110,-91,-110,-87,-110,-87,-110
T15,-78,-92,-87,-63,-82,-80,-110,-91,-110,-87,-110,-87,-110
T15,-78,-92,-87,-63,-82,-80,-110,-91,-110,-87,-110,-87,-110
T15,-78,-92,-87,-63,-82,-80,-110,-91,-110,-87,-110,-87,-110
T15,-78,-92,-87,-63,-82,-80,-110,-91,-110,-87,-110,-87,-110
T15,-78,-92,-87,-63,-82,-80,-110,-91,-110,-87,-110,-87,-110
T15,-85,-93,-87,-70,-82,-85,-110,-91,-110,-110,-110,-110,-110
T15,-85,-93,-87,-70,-82,-85,-110,-91,-110,-110,-110,-110,-110
T15,-85,-93,-87,-70,-82,-85,-110,-91,-110,-110,-110,-110,-110
T15,-85,-93,-87,-70,-82,-85,-110,-91,-110,-110,-110,-110,-110
T15,-85,-93,-87,-70,-82,-85,-110,-91,-110,-110,-110,-110,-110
T15,-85,-93,-87,-70,-82,-85,-110,-91,-110,-110,-110,-110,-110
T15,-77,-89,-86,-62,-75,-79,-110,-86,-110,-110,-110,-110,-110
T15,-77,-89,-86,-62,-75,-79,-110,-86,-110,-110,-110,-110,-110
T15,-77,-89,-86,-62,-75,-79,-110,-86,-110,-110,-110,-110,-110
T15,-77,-89,-86,-62,-75,-79,-110,-86,-110,-110,-110,-110,-110
T16,-84,-92,-86,-63,-75,-75,-91,-87,-110,-110,-110,-110,-110
T16,-84,-92,-86,-63,-75,-75,-91,-87,-110,-110,-110,-110,-110
T16,-84,-92,-86,-63,-75,-75,-91,-87,-110,-110,-110,-110,-110
T16,-84,-92,-86,-63,-75,-75,-91,-87,-110,-110,-110,-110,-110
T16,-84,-92,-86,-63,-75,-75,-91,-87,-110,-110,-110,-110,-110
T16,-84,-92,-86,-63,-75,-75,-91,-87,-110,-110,-110,-110,-110
T16,-84,-92,-86,-63,-75,-75,-91,-87,-110,-110,-110,-110,-110
T16,-84,-92,-86,-63,-75,-75,-91,-87,-110,-110,-110,-110,-110
T16,-84,-92,-86,-63,-75,-75,-91,-87,-110,-110,-110,-110,-110
T16,-84,-92,-86,-63,-75,-75,-91,-87,-110,-110,-110,-110,-110
T16,-84,-92,-86,-63,-75,-75,-91,-87,-110,-110,-110,-110,-110
T16,-75,-92,-84,-66,-79,-79,-92,-84,-110,-110,-110,-110,-110
T16,-75,-92,-84,-66,-79,-79,-92,-84,-110,-110,-110,-110,-110
T16,-75,-92,-84,-66,-79,-79,-92,-84,-110,-110,-110,-110,-110
T16,-75,-92,-84,-66,-79,-79,-92,-84,-110,-110,-110,-110,-110
T16,-75,-92,-84,-66,-79,-79,-92,-84,-110,-110,-110,-110,-110
T16,-75,-92,-84,-66,-79,-79,-92,-84,-110,-110,-110,-110,-110
T16,-75,-92,-84,-66,-79,-79,-92,-84,-110,-110,-110,-110,-110
T16,-87,-92,-88,-56,-87,-80,-91,-84,-87,-110,-110,-110,-110
T16,-87,-92,-88,-56,-87,-80,-91,-84,-87,-110,-110,-110,-110
T16,-87,-92,-88,-56,-87,-80,-91,-84,-87,-110,-110,-110,-110
T16,-87,-92,-88,-56,-87,-80,-91,-84,-87,-110,-110,-110,-110
T16,-87,-92,-88,-56,-87,-80,-91,-84,-87,-110,-110,-110,-110
T16,-87,-92,-88,-56,-87,-80,-91,-84,-87,-110,-110,-110,-110
T16,-87,-92,-88,-56,-87,-80,-91,-84,-87,-110,-110,-110,-110
T16,-80,-90,-83,-61,-78,-87,-92,-84,-87,-110,-110,-110,-110
T16,-80,-90,-83,-61,-78,-87,-92,-84,-87,-110,-110,-110,-110
T16,-80,-90,-83,-61,-78,-87,-92,-84,-87,-110,-110,-110,-110
T16,-80,-90,-83,-61,-78,-87,-92,-84,-87,-110,-110,-110,-110
T16,-80,-90,-83,-61,-78,-87,-92,-84,-87,-110,-110,-110,-110
T16,-80,-90,-83,-61,-78,-87,-92,-84,-87,-110,-110,-110,-110
T16,-80,-90,-83,-61,-78,-87,-92,-84,-87,-110,-110,-110,-110
T16,-80,-90,-83,-68,-79,-81,-92,-92,-91,-110,-110,-110,-110
T16,-80,-90,-83,-68,-79,-81,-92,-92,-91,-110,-110,-110,-110
T16,-80,-90,-83,-68,-79,-81,-92,-92,-91,-110,-110,-110,-110
T16,-80,-90,-83,-68,-79,-81,-92,-92,-91,-110,-110,-110,-110
T16,-80,-90,-83,-68,-79,-81,-92,-92,-91,-110,-110,-110,-110
T16,-80,-90,-83,-68,-79,-81,-92,-92,-91,-110,-110,-110,-110
T16,-85,-90,-83,-64,-79,-76,-90,-93,-91,-92,-110,-110,-110
T16,-85,-90,-83,-64,-79,-76,-90,-93,-91,-92,-110,-110,-110
T17,-88,-90,-83,-59,-78,-86,-90,-84,-89,-92,-110,-110,-110
T17,-88,-90,-83,-59,-78,-86,-90,-84,-89,-92,-110,-110,-110
T17,-88,-90,-83,-59,-78,-86,-90,-84,-89,-92,-110,-110,-110
T17,-88,-90,-83,-59,-78,-86,-90,-84,-89,-92,-110,-110,-110
T17,-88,-90,-83,-59,-78,-86,-90,-84,-89,-92,-110,-110,-110
T17,-88,-90,-83,-59,-78,-86,-90,-84,-89,-92,-110,-110,-110
T17,-88,-90,-83,-59,-78,-86,-90,-84,-89,-92,-110,-110,-110
T17,-77,-90,-86,-59,-81,-75,-93,-89,-88,-92,-110,-110,-90
T17,-77,-90,-86,-59,-81,-75,-93,-89,-88,-92,-110,-110,-90
T17,-77,-90,-86,-59,-81,-75,-93,-89,-88,-92,-110,-110,-90
T17,-77,-90,-86,-59,-81,-75,-93,-89,-88,-92,-110,-110,-90
T17,-77,-90,-86,-59,-81,-75,-93,-89,-88,-92,-110,-110,-90
T17,-77,-90,-86,-59,-81,-75,-93,-89,-88,-92,-110,-110,-90
T17,-77,-90,-86,-59,-81,-75,-93,-89,-88,-92,-110,-110,-90
T17,-89,-92,-75,-57,-81,-76,-93,-74,-88,-92,-110,-110,-90
T17,-89,-92,-75,-57,-81,-76,-93,-74,-88,-92,-110,-110,-90
T17,-89,-92,-75,-57,-81,-76,-93,-74,-88,-92,-110,-110,-90
T17,-89,-92,-75,-57,-81,-76,-93,-74,-88,-92,-110,-110,-90
T17,-89,-92,-75,-57,-81,-76,-93,-74,-88,-92,-110,-110,-90
T17,-89,-92,-75,-57,-81,-76,-93,-74,-88,-110,-110,-110,-90
T17,-89,-92,-75,-57,-81,-76,-93,-74,-88,-110,-110,-110,-90
T17,-85,-92,-84,-64,-83,-76,-91,-85,-88,-110,-110,-88,-90
T17,-85,-92,-84,-64,-83,-76,-91,-85,-88,-110,-110,-88,-90
T17,-85,-92,-84,-64,-83,-76,-91,-85,-88,-110,-110,-88,-90
T17,-85,-92,-84,-64,-83,-76,-91,-85,-88,-110,-110,-88,-90
T17,-85,-92,-84,-64,-83,-76,-91,-85,-88,-110,-110,-88,-90
T17,-85,-92,-84,-64,-83,-76,-91,-85,-88,-110,-110,-88,-90
T17,-78,-93,-79,-67,-77,-79,-92,-79,-88,-110,-110,-88,-90
T18,-81,-93,-79,-61,-73,-77,-92,-79,-83,-110,-110,-88,-110
T18,-81,-93,-79,-61,-73,-77,-92,-79,-83,-110,-110,-88,-110
T18,-81,-93,-79,-61,-73,-77,-92,-79,-83,-110,-110,-88,-110
T18,-81,-93,-79,-61,-73,-77,-92,-79,-83,-110,-110,-88,-110
T18,-81,-93,-79,-61,-73,-77,-92,-79,-83,-110,-110,-88,-110
T18,-81,-93,-79,-61,-73,-77,-92,-79,-83,-110,-110,-88,-110
T18,-81,-93,-79,-61,-73,-77,-92,-79,-83,-110,-110,-88,-110
T18,-81,-92,-85,-62,-73,-82,-93,-91,-83,-110,-110,-88,-110
T18,-81,-92,-85,-62,-73,-82,-93,-91,-83,-110,-110,-88,-110
T18,-81,-92,-85,-62,-73,-82,-93,-91,-83,-110,-110,-88,-110
T18,-81,-92,-85,-62,-73,-82,-93,-91,-83,-110,-110,-88,-110
T18,-81,-92,-85,-62,-73,-82,-93,-91,-83,-110,-110,-88,-110
T18,-81,-92,-85,-62,-73,-82,-93,-91,-83,-110,-110,-88,-110
T18,-81,-92,-85,-62,-73,-82,-93,-91,-83,-110,-110,-88,-110
T18,-71,-92,-91,-60,-81,-85,-93,-91,-83,-110,-110,-88,-110
T18,-71,-92,-91,-60,-81,-85,-93,-91,-83,-110,-110,-88,-110
T18,-71,-92,-91,-60,-81,-85,-93,-91,-83,-110,-110,-88,-110
T18,-71,-92,-91,-60,-81,-85,-93,-91,-83,-110,-110,-110,-110
T18,-71,-92,-91,-60,-81,-85,-93,-91,-83,-110,-110,-110,-110
T18,-71,-92,-91,-60,-81,-85,-93,-91,-83,-110,-110,-110,-110
T18,-71,-92,-91,-60,-81,-85,-93,-91,-83,-110,-110,-110,-110
T18,-82,-92,-91,-59,-76,-78,-93,-91,-90,-110,-110,-110,-110
T18,-82,-92,-91,-59,-76,-78,-93,-91,-90,-110,-110,-110,-110
T18,-82,-92,-91,-59,-76,-78,-93,-91,-90,-110,-110,-110,-110
T18,-82,-92,-91,-59,-76,-78,-93,-91,-90,-110,-110,-110,-110
T18,-82,-92,-91,-59,-76,-78,-93,-91,-90,-110,-110,-110,-110
T18,-82,-92,-91,-59,-76,-78,-93,-91,-90,-110,-110,-110,-110
T18,-75,-92,-84,-58,-76,-80,-93,-86,-90,-110,-110,-110,-110
T18,-75,-92,-84,-58,-76,-80,-93,-86,-90,-110,-110,-110,-110
T18,-75,-92,-84,-58,-76,-80,-93,-86,-90,-110,-110,-110,-110
T18,-80,-92,-87,-72,-76,-80,-93,-86,-89,-110,-110,-110,-110
T18,-80,-92,-87,-72,-76,-80,-93,-86,-89,-110,-110,-110,-110
T18,-80,-92,-87,-72,-76,-80,-93,-86,-89,-110,-110,-110,-110
T18,-80,-92,-87,-72,-76,-80,-93,-86,-89,-110,-110,-110,-110
T18,-80,-92,-87,-72,-76,-80,-93,-86,-89,-110,-110,-110,-110
T18,-80,-92,-87,-72,-76,-80,-93,-86,-89,-110,-110,-110,-110
T18,-80,-92,-87,-72,-76,-80,-93,-86,-89,-110,-110,-110,-110
T18,-80,-92,-87,-72,-76,-80,-93,-86,-89,-110,-110,-110,-110
